author,comment,like_count
@thbestfb,ah be baskanim,0
@MelihHorata,BÃ¼yÃ¼k baÅŸkannn,0
@MelihHorata,BÃ¼yÃ¼k baÅŸkannnbb,0
@ogunuzunkaya8016,2024 ve 0 kupa ğŸ˜€,0
@sarikirmizi2621,Bir gs olarak dedim bunlar en son nasÄ±l kutlamÄ±slsr,0
@eyupensari720,ğŸ¤£ğŸ¤£ğŸ¤£ğŸ¤£ğŸ¤£ğŸ¤£gÃ¼rÃ¼lti teÅŸkaleğŸ¤£ğŸ¤£ğŸ¤£,0
@Celo847,Rezillik,0
@ardatezcan4623,Bende 2024 den yazÄ±yom Ã§ocukluÄŸumu s... Z,0
@MA-hd4or,"bir galatasaray baskani asla boyle konusmaz. kiro takim, kiro baskan",2
@alicrk6196,Kral geri dÃ¶nÃ¼yor burda buluÅŸalim,0
@mesihbayar5261,"Az kaldÄ± babanÄ±z geliyor,an.nÄ±zÄ± tersten gÃ¶receksiniz,Cem gÃ¶lbaÅŸÄ± kÃ¶peÄŸi Ã§ulsuz kalacak",0
@MrBazlama,Bu sinir hastasi bunak iyi ki futboldan uzaklasti,0
@Seden-ub6ml,Ä°ÅŸten biz bÃ¶yle eÄŸitidik aziz baÅŸkanÄ±mdan sonra kÃ¼fÃ¼r edemedik zaten ;),0
@suhagursoy1945,"Ali KoÃ§'a asla lafÄ±m yok ama bu ligte bÃ¶yle bir adamÄ±n olmasÄ± gerekiyor. Efendilik yaramÄ±yor bu Ã¼lkede, sert olacaksÄ±n.",0
@sametaltntas2717,TÃ¼rk futbolunun en efsane bÃ¼yÃ¼k baÅŸkanÄ±,0
@lolyay1442,AdamsÄ±n,0
@Erhan-ln6cj,Yoktan yere alex.gibi birini yediniz faydasÄ± olmicakmis nankÃ¶rlÃ¼k hep aykutun yuzunden,0
@yusufdogan355,"Aziz YÄ±ldÄ±rÄ±m beter ol yok yok betev ol pavalÄ± kÃ¶peklev ğŸ˜‚ğŸ˜‚ zamanÄ±nda canÄ±mÄ±zÄ± yaktÄ±nÄ±z beter olun ÅŸampiyon Trabzon 
AÄŸlama cik cik spor aÄŸlama azizğŸ˜‚ğŸ˜‚",0
@sdntkalat,Alexi gondermesini elestirebilirler ama orasi yeri degil okadar adamin emegiyle sampiyonluk yaÅŸanmÄ±ÅŸken alexi konusmamalari lazim,3
@SERDAR_T,sonuna kadar Ali koc mk. istersek 10 yil daha olamayalim sonuna kadar ali koc nokta!,0
@harunbaran9795,ne baÅŸkandÄ± amaâ€¦,0
@lonely.cat1907,"Aziz baÅŸkan, bÃ¼yÃ¼k baÅŸkanğŸ’™ğŸ’›ğŸ’™ğŸ’›ğŸ’™ğŸ’›ğŸ’™ğŸ’›ğŸ’™ğŸ’›ğŸ’™",0
@ufuk.avcii41,Hep bi atar sjdjdjdj adam sampiyonluk gunu bile atar yapiyor ğŸ˜ŠğŸ˜ŠğŸ˜ŠğŸ˜‚ğŸ˜‚,1
@elvinmusic1794,Acaba Ali KoÃ§ baÄŸÄ±ran o insanlar ÅŸimdi utanÄ±yormu?,0
@LovinglyFoodie,Adamlar ÅŸampiyonluÄŸu bile kutlayamÄ±yorlar amk ğŸ˜‚ğŸ˜‚ğŸ˜‚ğŸ˜‚ğŸ˜‚ğŸ˜‚,1
@sinanerturk1686,Åunu yapabilecek baÅŸka bir baÅŸkan yoktur,6
@ibrahimergun1,2023 yÄ±lÄ±ndan yazÄ±yorum halen kupanÄ±n sapÄ±nÄ± bile alamadÄ±k.,58
@emreyirik8789,"binlerce kiÅŸiye hakaret ediyor binlerce taraftar (psikopatÄ±,manyaÄŸÄ±,hapÃ§Ä±sÄ±,jiletÃ§isi,balicisi,sapÄ±ÄŸÄ±,Ã§ivicisi) zerre korku yok nasÄ±l bir adam bu ya",1
@elifpeker8472,Hayyyy senin AllahÄ±na kurban,3
@mehmetdemirayak7145,O tribundeki hainler ozamanda vardi simdide var ozaman baskana simdi devlete onlar tirubun tereroristleri,0
@rabiaozer1761,AZÄ°Z BaÅŸkansa FenerbahÃ§e ÅŸampiyon olur yoksa Fener ÅŸampiyonluÄŸu unutsun,0
@Mbayaz29,"Ä°ÅŸte fenerin kalibresi ,Ã§apÄ± 7 den 70 e bu kadar.Tek bÃ¼yÃ¼k GALATASARAY!ğŸ’Š",7
@theanddrej9335,Bu kavga bizi 10 yÄ±l geriye gÃ¶tÃ¼rdÃ¼...,50
@cagri1987,M.Ã¶ 1959 ğŸ˜ğŸ˜ğŸ˜,1
@10alexdesouza10,PARALI KÃ–PEKLER,0
@DAMAR-5234,GÃ¶rmemiÅŸin ÅŸampiyonluÄŸu olmuÅŸ almaya baÅŸlÄ±yor,0
@fatihkabasakal6688,FRIGHTENERS FÄ°LMÄ°NÄ° SEYREDERSENÄ°Z 3 TEMMUZUN VE FB NÄ°N NASIL BÄ°R KUMPASA DÃœÅÃœRÃœLDÃœÄÃœNÃœ GÃ–RÃœRSÃœNÃœZ. BOÅUNA 1 YIL HAPÄ°S YATTI. AZÄ°Z YILDIRIM.,2
@gurkanackgoz47,Helal olsun size tribÃ¼n fener bÃ¼yÃ¼ktÃ¼r eyvallah baÅŸgann ama taraftar olmasa ne fenerin bÃ¼yÃ¼klÃ¼ÄŸÃ¼ kalÄ±r ne adÄ±n sanÄ±n kusura bakma hem alexi kov hem taraftara paralÄ± kÃ¶pekler terbiyesiz de sonra ben fenerbahÃ§e iÃ§in hapis yattÄ±m de sorsan muhabbet yattÄ±n mmÄ±Ä±nnaa koyim,0
@mert9059,"AdamlarÄ±n son ÅŸampiyonluk kutlamasÄ± da buydu amk.
Aziz'in ahÄ± tutmuÅŸ :)",4
@kabaktantv5820,Ali koÃ§ aziz yÄ±ldÄ±rÄ±mÄ±n ayakkabÄ±larÄ±nÄ± taÅŸÄ±yamaz,0
@lionelmessithegoat2176,YanÄ±ldÄ±ÄŸÄ± tek konu yok paralÄ± kÃ¶pekler demiÅŸti. Az bile demiÅŸ,22
@Gorkem_Pekersoy,0:45,0
@wrofilx9357,ParalÄ± kÃ¶pekler derken karÅŸÄ± Ã§Ä±kmÄ±ÅŸtÄ±k yine haklÄ±ymÄ±ÅŸ baÅŸkanÄ±m SATILMIÅ GFB siz FenerbahÃ§eli deÄŸilsiniz,5
@gurcimgokkaya1347,"Sefa abi kimlere ne emanetler bÄ±rakmÄ±ÅŸ yazÄ±k,Aziz baba sen haklÄ±ydÄ±n deÄŸerini bilemedik",6
@umutaksu2768,ParalÄ± KÃ¶pekler doÄŸruymuÅŸ,1
@ZencefreOfficial,AdamÄ±n hasÄ±sÄ±n fanatik bir GalatasaraylÄ±yÄ±m sen Feneri kendinden daha Ã§ok sevdin hapislerde yattÄ±n seni yuhalayarak gÃ¶nderenlerin hepsi sana bugÃ¼n bÃ¼yÃ¼k BaÅŸkan diyor,2
@cafersarihan6387,Kim nederse desin aziz baskan cok hakli ğŸ’›ğŸ’™ğŸ’›ğŸ’™ğŸ’›ğŸ’™ğŸ’›ğŸ’™ğŸ’›ğŸ’™ğŸ’›ğŸ’™,2
@ARDA-qv6wq,1:49 lan aÄŸlÄ±yo ohaaaa,4
@eskiatarioyunlariarcadearc5484,Son ÅŸampÄ±yonlugu oldu  alexsin bedduasÄ±nÄ± aldÄ±nÄ±z demekÄ± alex bu kulub iÃ§in Ã§ok ÅŸeyler vermiÅŸ,0
@sonadam5966,"Bir Galatasaray taraftarÄ± olarak sÃ¶ylemek isterim ki ben FenerbahÃ§e taraftarÄ± kadar nankÃ¶r, vefasÄ±z bir topluluk daha gÃ¶rmedim. Aziz YÄ±ldÄ±rÄ±m gibi bÃ¼yÃ¼k bir baÅŸkana edilen hakaret ve kÃ¼fÃ¼rlerin haddi hesabÄ± dahi yok. BÃ¼yÃ¼k baÅŸkan 20-25 sene boyunca bu kulÃ¼be hizmet etti, uÄŸruna 1 sene hapis yattÄ± ve FenerbahÃ§e'yi her branÅŸta Ã¶ne Ã§Ä±kararak ÅŸampiyon yaptÄ± ama sonuÃ§ olarak camiada nankÃ¶rlÃ¼k ve vefasÄ±zlÄ±ktan baÅŸka hiÃ§bir ÅŸey gÃ¶remiyorum. FB taraftarÄ±nÄ±n sportif baÅŸarÄ± yÃ¶nÃ¼nden Ã¶vÃ¼ndÃ¼ÄŸÃ¼ neredeyse her ÅŸey Aziz YÄ±ldÄ±rÄ±m'Ä±n eseridir. BugÃ¼n ""FB TÃ¼rkiye'nin en bÃ¼yÃ¼k spor kulÃ¼bÃ¼dÃ¼r"" ya da ""FB TÃ¼rkiye'nin en bÃ¼yÃ¼k sivil toplum Ã¶rgÃ¼tÃ¼dÃ¼r"" diyebilen taraftarlar varsa bunu tamamen Aziz YÄ±ldÄ±rÄ±m'a borÃ§ludurlar. Bu adam FenerbahÃ§e'ye Ã§aÄŸ atlattÄ±, o olmasaydÄ± ÅŸimdiye FenerbahÃ§e, BeÅŸiktaÅŸ'Ä±n bile arkasÄ±nda kalÄ±r ve 3. takÄ±m olarak insanlarÄ±n hafÄ±zasÄ±na kazÄ±nÄ±rdÄ±. Elbette yanlÄ±ÅŸlarÄ± ve hatalarÄ± oldu, bazen geri dÃ¶nÃ¼lemeyecek adÄ±mlar da attÄ± ama genele baktÄ±ÄŸÄ±mÄ±z takdirde Aziz YÄ±ldÄ±rÄ±m ne FenerbahÃ§e taraftarÄ±, ne de FenerbahÃ§e baÅŸkanÄ± deÄŸildi, o ÅŸÃ¼phesiz FenerbahÃ§e'nin ta kendisiydi. YanlÄ±ÅŸlarÄ± ve doÄŸrularÄ±yla kendi yolunu Ã§izmiÅŸ ve FenerbahÃ§e'yi adeta yeniden yaratmÄ±ÅŸtÄ±. ArtÄ±k Aziz YÄ±ldÄ±rÄ±m diye biri yok ve FenerbahÃ§e nasÄ±l bu kadar yÃ¼kseldiyse, gelecek senelerde de o kadar dÃ¼ÅŸecek ve sÄ±radan bir takÄ±m olma yolunda ilerleyecektir. Aziz YÄ±ldÄ±rÄ±m zamanÄ±ndan kalan borÃ§lardan da bahsetmek istiyorum, ÅŸuan 3 bÃ¼yÃ¼klerden borcu olmayan kulÃ¼p yok ve her birinin borcu milyar liralarÄ± aÅŸmÄ±ÅŸ durumda ilerliyor. Yani Aziz YÄ±ldÄ±rÄ±m tÃ¼m yapÄ±lan iÅŸlerde risk alarak FenerbahÃ§e'yi bu kadar bÃ¼yÃ¼k bir kulÃ¼p haline getirdi, eÄŸer risk almasaydÄ± ÅŸimdi baktÄ±ÄŸÄ±mÄ±z zaman bu kadar bÃ¼yÃ¼k bir kulÃ¼p gÃ¶rÃ¼yor olmazdÄ±k. Kendisine Ã§ok saygÄ± duyuyorum, bizim iÃ§in hep mert ve delikanlÄ± bir dÃ¼ÅŸman olarak hafÄ±zalarÄ±mÄ±zda kalacaksÄ±n Aziz YÄ±ldÄ±rÄ±m.",3
@huseyinozturk3601,Aziz baÅŸkan haklÄ± bu ara boÅŸ yapmayÄ±n,0
@Fenerbahceli-uk5ud,Alex Her seyimğŸ’›ğŸ’™,1
@hekimoner4625,Pavali KÃ¶pekler ğŸ¤£ğŸ¤£ğŸ¤£,1
@mereneroglu9,7 yÄ±l Ã¶nce,1
@sumeyyeergun2531,DÄ±ÅŸarda BeÅŸiktaÅŸ ÅŸampiyonluk kutluyor ben burda salya sÃ¼mÃ¼k seni izliyorum babacÄ±m ya ahh!,11
@emreyurdakul3297,PavalÄ± kÃ¶peklev hdhdhdhdhhdhdhdhdhdh ğŸ˜‚ğŸ˜‚ğŸ˜‚ğŸ˜‚ğŸ˜‚ğŸ˜‚ğŸ˜‚ğŸ˜‚ğŸ˜‚ğŸ˜‚ğŸ˜‚ğŸ˜‚ğŸ˜‚ğŸ˜‚ğŸ˜‚ğŸ˜‚ğŸ˜‚ğŸ˜‚ğŸ˜‚ğŸ˜‚ğŸ˜‚ğŸ˜‚ğŸ˜‚,0
@enesfbli2045,Affet bizi baÅŸkan kÄ±ymetini bilemedik ğŸ˜¥,9
@ahmetoz744,ğŸ˜‚ğŸ˜‚ğŸ˜‚ Åampiyon olmuÅŸsunuz  zaten neden baÄŸÄ±rÄ±yorsun,0
@sinancolak4900,Teybiyesizlev ahlaksislar pavali kÃ¶peklev sizlev FenerbahÃ§eli devipsiniz,0
@alperenyldrm9465,"Ah baÅŸkanÄ±m ne dediysen bir bir doÄŸru Ã§Ä±kÄ±yor bilemediler deÄŸerini, en bÃ¼yÃ¼k FenerbahÃ§eli..",39
@FBMESUTOZILkadkoy,FB,0
@cansz5085,"Alexi yolladÄ±nÄ±z fenerbahÃ§eyi taraftarÄ± katleddiniz.
FenerbahÃ§e Ã¶yle bÃ¼yÃ¼k bir takÄ±mdÄ±r ÅŸampiyon olsa dahi eleÅŸtirir",2
@derivativesolver23,"FenerbahÃ§e 19 da durdu, Liverpool da 19u aldÄ± umarÄ±m 19da durmaz",0
@gamersutudyolari2059,Fenerbahce ananin amii ananin amiii,0
@m-f8610,"1:23 GalatasaraylÄ± olarak sÃ¶yliyeyim yanlÄ±ÅŸ anlamadÄ±ysam Alex iÃ§in FenerbahÃ§e'ye faydasÄ± olmayacaÄŸÄ± iÃ§in gÃ¶nderdim diyor
Alex her ne kadar Fb'li olsada o Ã§ok iyi bir futbolcu nasÄ±l gÃ¶nderilir lan :S :D",6
@ismailcakrca8813,PARALI GARÄ°PLER DAHA O SENEDEN BAÅKA HEP MÄ°LLETÄ°N ÅAMPÄ°YONLUÄUNU Ä°ZLEDÄ°LERğŸ˜ƒğŸ˜ƒğŸ˜ƒğŸ’›â¤,0
@adiosbelleza,vay amÄ±na koyam bu takÄ±mÄ±n her ÅŸeyi faul amk asdklÅŸfmasdlkfmasdÅŸlkmasdf kutlamaya bak sadkfmÅŸlafsdmk,0
@solacksuleyman1071,Aziz yÄ±ldÄ±rÄ±mdaki taÅŸaÄŸa bak everest bile kÃ¼Ã§Ã¼k kalÄ±r,2
@GungorrBektass,Elex i gÃ¶nderener :!!!,0
@ultraslan1478,ÅikebahÃ§e,1
@berkaysar6687,PAVALI KOPEKLER,0
@THELIONSOLDIERSOF,Sampiyonluk kutlamaya bak rezilbahceğŸ¤¢ğŸ¤®,0
@canerberber7837,Ben kendi ÅŸahsima konuÅŸuyorum galatasaraylÄ± olarak bu adamÄ±n deÄŸeri bilinmedi...,5
@Gurkancetin40,Reis kime kÄ±zÄ±yor,0
@enesozen2475,Ne oldu ki anlamadÄ±m,0
@eyuputku2704,ne alexmiÅŸ amk ya,1
@onurtunc1986,noldu da kÄ±zÄ±yor,1
@ilhamiural3744,BÃ¼yÃ¼k baskan,0
@abbassadicaykara8391,Bu yorumu buraya bÄ±rakÄ±yorum bizim taraftar mal adam konuÅŸma yapÄ±yor ordan ses yapÄ±yorsunuz ayÄ±p,2
@serhataskar6768,Niye terbiyesizlik etmeyin diyor tezahÃ¼ratlar da ne diyorlar ki,0
@emreutku4242,2027 28 de bidaha sampiyon oluriz,0
@hazimakbatur2666,"Bir GS li olarak Aziz YÄ±ldÄ±rÄ±m'Ä±n FenerbahÃ§e Spor KulÃ¼bÃ¼ne Ã§ok emeÄŸi geÃ§tiÄŸini dÃ¼ÅŸÃ¼nÃ¼yorum. Sportif anlamda baÅŸarÄ±lÄ± mÄ± deÄŸil mi o sizin takdiriniz. Ancak bu beyefendi bu kulÃ¼p iÃ§in Ã§ok Ã§aba ve emek harcadÄ±. Yeri geldi sahaya indi, yeri geldi soyunma odasÄ±na indi yeri geldi antrenmana geldi. HerÅŸeyi Fener in iyiliÄŸi, esenliÄŸi, baÅŸarÄ±sÄ± iÃ§in yaptÄ±. Ä°stese oturur sesini Ã§Ä±karmazdÄ±. UnutmayalÄ±m ki  hiÃ§bir kulÃ¼bÃ¼n televizyonu yokken Fenerin vardÄ±. Tesisleri, stadÄ± sÃ¶ylemiyorum bile. Ne olursa olsun bu ÅŸekilde bÄ±rakÄ±lmamalÄ±ydÄ±.",36
@emreutku4242,2027 28 de bidaha olcaz gorursunuz,0
@teksas1692,Fanatik Bursaspor'lu olarak kendisini zerre sevmem. Ama kulÃ¼bÃ¼ne baÄŸlÄ± sadÄ±k bÃ¶yle bir baÅŸkan gÃ¶rmedim. Bu konuda sonsuz saygÄ± duyarÄ±m.,34
@Matias_1907,Islikliyanlar gfb ve sonuna kadar haklilar bnce,1
@555net5,Miladdan Ã¶nce kaÃ§inci yil ya bu?,1
@sahinkapitan1181,"BaÅŸkanÄ±m hakkÄ±nÄ± helal et,Ã§ok gÃ¼zel yaÅŸattÄ±n bu fenerbahÃ§eye senin gibi bir baÅŸkanÄ±mÄ±z olduÄŸu iÃ§in gurur duyuyorum",33
@cimbomluxx1020,Pavali kÃ¶peklevvvvv,2
@berkayguler5808,DÃ¼n FenerbahÃ§e Åampiyon olduÄŸu halde Alex Alex diye Aziz yÄ±ldÄ±rÄ±ma sÃ¶venler bu gÃ¼n fenerbahÃ§eyi rezil ettiÄŸi halde Ali KoÃ§a tek bir laf etmiyor.Ot paralarÄ±nÄ± veren var nasÄ±l olsa Ã§ek otu Aziz YÄ±ldÄ±rÄ±m batÄ±rdÄ± de Ã§ekil kÃ¶ÅŸene paralÄ± kÃ¶pekler sizi.,0
@sevdamzfenerbahce3677,Ah be aziz baÅŸkan,0
@nightwatcher8717,Åikeci aziz ÅŸike yapma,0
@adilemir7471,BugÃ¼n buvda fenevbahÃ§e ÅŸampiyonluÄŸunu kutlayov.,27
@borarider669,bunlar Fenerbahce taraftari degil bunlar yavsak orospu cocuklari siktirin gidin bu staddan.,0
@semihmrl3925,Ali KoÃ§'un baÅŸarÄ±sÄ± Aziz YÄ±ldÄ±rÄ±m'Ä±n baÅŸarÄ±sÄ±nÄ±n Â¼'i bile etmez. Seni yuhalayan herkesin... neyse,15
@EL-VaTo58.5,Aziz yÄ±ldÄ±rÄ±m sen tÃ¼rkiyenin gelmiÅŸ geÃ§miÅŸ en bÃ¼yÃ¼k takÄ±m baÅŸkanÄ±sÄ±n senin hakkÄ±nÄ± yediler yanlÄ±ÅŸ yaptÄ±lar ÅŸimdi ceza Ã§ekiyolar sÃ¶ylediÄŸin sÃ¶zlerde sonuna kadar haklÄ±sÄ±n,15
@hasimefeustuner3477,ğŸ’™ğŸ’›ğŸ’™ğŸ’›ğŸ’™ğŸ’›ğŸ’™ğŸ’›ğŸ’™ğŸ’›,0
@canerkok,fb tv doÄŸum gÃ¼nÃ¼mÃ¼ kutlamadÄ± diye sitem etmiÅŸsin tÄ±pkÄ± alexin emeklerini bir kalemde hak etmediÄŸi biÃ§imde gÃ¶nderdin kendi ipini Ã§ektin bÃ¼yÃ¼k baÅŸkan! kendine fenerbahÃ§eye yakÄ±ÅŸanÄ± yapmadÄ±n. ÅŸunu Ã§ok iyi anladÄ±m ne iÅŸ yaparsan yap tÃ¼m emeklerin an olur bir kalemde silinebilir buda canlÄ± Ã¶rneÄŸi. o insanlara paralÄ± kopek diyecek kadar ne zenginsin nede karakterlisin. sen kimsin stada sokmayacak git evine otur ÅŸimdi. oyle gÃ¶te boyle yarak.,0
@mertkelle,TribÃ¼nler ne diyor duyamadÄ±m ?,0
@oyuntayfas5637,"Senin ananÄ± avcradÄ±nÄ±... Åerefsiz it >:(
ALEX DE SOUZA",0
@kaanakssoyy,Kendimi bi an miting de zannettim :D,9
@ramazanipekten7549,arkadaÅŸlar adam R sÃ¶yliyemiyor bu nedemek oluyor yani adamda R YOK :),13
@yakubbasyigit7387,KeÅŸke bu senede baÅŸkan sen olsan en azÄ±ndan aziz takÄ±mÄ± idare ede biliyordu bÄ± Ali KoÃ§ bÄ± sÄ±kÄ±m yapamiyo 20 senelik bÃ¼yÃ¼ gitti amk,2
@berat166,Ä°zledikÃ§e gÃ¼lÃ¼yom amk ğŸ˜‚ğŸ˜‚,2
@taksimday7987,F E N E V Ä° M B E N Ä° Ä,1
@emineugurlu9487,PavalÄ± kÃ¶pekler,1
@efyalnomossa7760,Milattan gÃ¶rÃ¼ntÃ¼ler fenerbahÃ§e diye bir kulÃ¼bÃ¼n asÄ±rlar Ã¶nce ÅŸikeyle satÄ±n aldÄ±klarÄ± ÅŸampiyonluk kutlamasÄ±,2
@Galatasaray9277,BiatcÄ± kÃ¶pekler tepki veremiyor,0
@Aliveli-bo9pq,Arka fonda hekimoÄŸu Ã§alÄ±yor Ã¶zlendin baba #azizyÄ±ldÄ±rÄ±m,0
@Furkan-nc8lu,Amk orda olsaydÄ±m ALEX ALEX diye baÄŸÄ±rÄ±rdÄ±m,1
@nirettintaksim6890,"Sizin Hayalleriniz Bizim GerÃ§eklerimizdir 
Daha nasÄ±l ÅAMPÄ°YON KutlamasÄ± olur onu bilmiyorsunuz heheheheheheheheheheheheheheheheheheheh",11
@mansurabbasova5964,bence sefa reis  cinayete kurban gitti ve  katili yada azmettiricisi  azizdir .,1
@cihanaykanat4794,Hey gidi gÃ¼nler hey,0
@Serkanck,ahahaha  :D  sizi parali kopekler ahlaksizlar serefsizler . hepnizin sampiyonlugunu kutlarim :D,0
@erdemsahin6484,"10-15 yÄ±la aynÄ± konuÅŸmayÄ± Ali KoÃ§ da yapar. Tabi olay Alex gibi birÅŸey olmaz, getiremez o tarz adamlarÄ± :D",10
@TheCrazy_TR,fenerin bu kutlamamÄ± diyeyim rezilliÄŸinimi diyeyim her neyse de GALATASARAYIN 22.NCÄ° ÅAMPÄ°YONLUK KUTLAMASINI Ä°ZLEYÄ°NCE GALATASARAYIN Ã‡OK BÃœYÃœK BÄ°R KLÃœP OLDUÄUNU BÄ°R KEZ DAHA TEYÄ°T ETTÄ°M :) FENER AÄLAMA,1
@casperadar6056,BÃ¼yÃ¼k fenerbahÃ§e taraftarÄ± ÅŸerefsiz ve pavalÄ± kÃ¶peksiniz kÄ±sa ve net ğŸ˜‚ğŸ˜‚ğŸ˜‚ğŸ˜‚ne rezil takÄ±msÄ±nÄ±z ulan,0
@jejjshehnwnsnd1986,Adam sonuna kadar haklÄ±,4
@ibrahimkaygun4088,Affet babaaa,0
@cihanaykanat4794,kafam bozulunca acÄ±p izlerim terapi oluyor,13
@AhmetKaan-uo7xu,AfvlakvÄ±sla pavalÄ± kopekle,0
@kendinisev3302,SÃ¼rÃ¼nÃ¼n ÅŸimdi,2
@KirbyKirbyKirby1735,gsliyim ama aziz yÄ±ldÄ±rÄ±mÄ± Ã¶zledim,39
@saimeylmaz6590,Faa,0
@sinanosmanoglu7780,Ali koÃ§ baÅŸkan FenerbahÃ§e 1. Lige,1
@highgamertv5313,"EÄŸer GFB iÃ§in diyorsa haklÄ±
https://youtu.be/4kAzG0FAFw0
bu videoda GFB nin paralÄ± kÃ¶pekleri bilerek gole sevinmiyor",0
@serxanibrahimov5159,fenevbahceğŸ˜‚ğŸ˜‚,2
@keriim55,Kralll BaÅŸkan senin kÄ±ymetini bilemediler :D sksjshh,3
@Emre-ik2db,Bilemedik kÄ±ymetini bilmedik,5
@donduduran937,Siktir aziz,0
@06behzatc,BÃ¼yÃ¼k fenevbahÃ§enin yÃ¼vekli tavaftavÄ±,2
@mustafaerenerdin2016,betev ol ÅŸikebahÃ§e  BABANIZ ESES  (ALÄ° KOÃ‡ BAÅKAN FENEVBAHÃ‡E KÃœMEYE),2
@jhanse7701,ADAMIN GÃœVENLÄ°K SAYISINI Ã‡OK MERAK EDÄ°YOM AMK KENDÄ° KULÃœBÃœNE BAÄIRIYOR NEYMÄ°Å EFENDÄ°M FENER Ä°Ã‡Ä°N HAPSE GÄ°RMÄ°Å DEE.. ALEXÄ°N TAKIMA KATKISI YOKMUYDU AQ O TAKIMI ALEX ADAM ETTÄ° AYRICA TAKIMDA KAÃ‡ TANE Ã‡Ã–P VAR ONLARI KOV MK BÄ°DE ADAM KONUÅMAYI KAÄITTAN YAPIYOR MK ALÄ° KOÃ‡ EN AZINDAN Ä°Ã‡Ä°NDEN GELENÄ° SÃ–YLÃœYO,0
@dogukanmavis9600,Nasil bir cesaret lan bu   ğŸ˜‚ğŸ˜‚,11
@hasan_ozgenc005,AlÄ±n size al koÃ§,2
@kenshin4322,Sizi stada sokmam pavalÄ± kÃ¶peklev,0
@isapehlivanoglu2945,Aziz yÄ±ldÄ±rÄ±m daha iyi baÅŸkandÄ±,24
@hawhdhwihsishsj,ğŸ˜‚ğŸ˜ğŸ˜‚ğŸ˜€,0
@cadogaming9162,iste ogÃ¼n trabzonspor'un ÅŸampiyonlu Ã§alan ÅŸikeci ÅŸerefsiz namussuz fenerbahÃ§e,0
@yuceltongur5763,Harry potterdaki ron weasleyin tr dublajini aziz baskan yapti sanirim asdjsjsjshjs :d,4
@emreemre6577,"Adam taraftarlara pavalÄ± kÃ¶pekler diyor, Fenerliler de adam haklÄ± helal lan bize ne gÃ¼zel kÃ¶pek dedi,diyor..",1
@sneijdergs8736,Komedi filmi yeminle ne zaman izlesem gÃ¼lmekten karnÄ±ma aÄŸrÄ±lar giriyor ğŸ˜‚ğŸ˜‚ğŸ˜‚ğŸ˜‚ bi baÅŸkan dÃ¼ÅŸÃ¼nÃ¼n kendi kulÃ¼bÃ¼nÃ¼n sampiyonluk kutlamasÄ±nda 80 milyonun izlediigi kutlamada kendi taraftarlarÄ±na demediÄŸini bÄ±rakmÄ±yor ğŸ¤£ğŸ¤£ğŸ¤£ğŸ¤£,42
@emrahofficial7573,FenerbahÃ§e ve Aziz YÄ±ldÄ±rÄ±m vizyonu ğŸ˜‚,2
@krultzragao4512,Ã–nce kufrediyo sonra eÅŸsiz diyo,3
@atakankuden9369,O baÄŸÄ±ranlar bi daha stada giremiyor,0
@bariskutaygul2241,Sanane aziz isdediÄŸni derler,2
@yucibov,Lan FenerbahÃ§emin Åampiyonluk kutlamasi bile kaus,176
@kadirssv,Volkan el hareketi yapmÄ±ÅŸ AQ ğŸ˜‚,1
@kaandurmaz2062,GÃ¶tÃ¼n yiyorsa alma bizi lÃ¼tfen alma bizi stada aciz yÄ±ldÄ±rÄ±m :D,2
@Azzzyyyy99977,Ule adam profussionel davranmasi lazim napio adam sÃ¶vuyor ğŸ˜‚,2
@tlhayn,GÃ¼le gÃ¼le!,1
@tf386,Ali Koc adami madam yapar :D,1
@galerici2793,HakkÄ±nÄ± helal et bÃ¼yÃ¼k baÅŸkan hala kalbimizde baÅŸkansÄ±n Alex Ã¼zerinden prim yapÄ±lmaz.,3
@allahszbugra2126,Ali koÃ§cuyum ama adam haklÄ±,6
@busrasaylan1296,O PARALI KÃ–PEKLER DEDÄ°ÄÄ°N BÃœYÃœK FENERBAHÃ‡E TARAFTARI NASIL DA GÃ–NDERDÄ° SENÄ° AMA:ddd,15
@haslanmspatates7425,Ali koÃ§ winnnn,1
,Bu hikÃ¢yeâ€™nin sonu bÃ¶yle mi olacaktÄ±?,1
@umitkav,aziz yÄ±ldÄ±rÄ±mÄ± bitiren konuÅŸma,11
@dilekbyrz,Edepsizz,3
@sezo-bab2525,Rezillige bak amk hahaha  ğŸ˜€ğŸ˜€ğŸ˜€,2
@mehmetc191,ulan genÃ§ fenerbahÃ§eliler :D,0
@emaarturkiye232,Adamda taÅŸak var olm koca trÃ¼bÃ¼nlere posta koyuyo amk :)),116
@hakanserhatozmen6096,Adamlar kufur ediyor. Onlarda alkisliyor aq.,0
@batuhancobanck6823,Adam kÃ¼fÃ¼r ediyor..... Salaklar alkÄ±ÅŸlÄ±yor..... Vallahi bunlar kuÅŸ beyinli ğŸ˜‚,24
@fuatkeserbicer9268,Sizler fenerbahceli degilsiniz sike yapmayi bilmiyovsunuz pavali kÃ¶vekler,0
@aysunnmert4626,gÃ¶t ÅŸikeciler,0
@cagrefecin215,Vavdav ovavÄ±,5
@fatihcann4784,Ahahahahah amk salaklari,0
@haruncakroglu284,R demeyi Ã¶ÄŸrende bi,1
@yusufozgul6769,adam trÃ¼bÃ¼ne kufur edio daha da cogalÄ±yorlar bide alkÄ±ÅŸlÄ±yorlar kÃ¼Ã§Ã¼k beyinli kanaryalar,0
@jadolive-mustafa7468,1:05 Tevbiyesizlev pavalÄ± kÃ¶peklev ğŸ˜‚ğŸ˜‚,6
@oyunheyecan8860,valla biz sahya giriyoz sen Ã§Ä±k ali koÃ§,0
@eyx2emre51siken7,1:59 Volkan Demirel'e bakÄ±n el hareketi Ã§ekiyor djdjdjdj,65
@emiryayla9168,fenerbahÃ§enin boÅŸ taraftarÄ±,0
@azizyildirim3930,Ne cildirttilar beni orada ÅŸampiyon olmuÅŸuz Alexde Alex sanki ÅŸampiyonluÄŸu Alex almÄ±ÅŸ oradaki Ã§ocuklarÄ±n emeÄŸine yazÄ±k tevbiyesiz pavalÄ± kopeklev,111
@denizmuzikorganizasyon6557,Pavali kÃ¶pekler,0
@mehmetcan2737,adam haklÄ± amk dahane yapsÄ±n adam bende fenerliyim yani adam baya haklÄ±  dahane,1
@KadroSports,Her yer aziz her yer yÄ±ldÄ±rÄ±m,4
@alierim8930,AZÄ°Z BAÅKAN !!!!!!!,0
@kaansasmaz6146,"BÃ¼yÃ¼k ve kutsal fenerbahce taraftarÄ±
-ÅeÄŸefsizleÄŸ ahlaksÄ±zlaÄŸ paÄŸalÄ± kÃ¶pekleÄŸ",162
@erayulusoy3577,Diye baÄŸÄ±rdÄ± sÄ±ÄŸÄ±r adam,1
@ismetkeskinoglu5717,tevbiyesÄ±vlÄ±k etvvvvasdasgfdfdfhudbj56e5rtsv,0
@tommyvercetti9877,pavalÄ± kÃ¶peklev :D,1
@caganerrs,Amk ben gsliyim sikerim anti feneri,4
@mangekyosharingan315,VAVDAV,21
@chivkon,PAVALI KÃ–PEKLER,3
@rammer6540,pavalÄ± kÃ¶peklev,1
@havlayankedi3164,P A V A L I  K Ã– P E K L E N D Ä° N Ä° Z,13
@havlayankedi3164,tevbiyesizlik etmeyin,5
@justsmile5036,Åike ÅŸike,4
@yusufcumamuratov9106,FenerbahÃ§e alehisni  kahrini Ã§ekyo,0
@videodeposu8862,Bu gÃ¼n buvada fenevbace ÅŸampuyonluÄŸunu kutlayooo :)),16
@bedirhansimsek1905,Haahajaja,0
@Mert-lr1mx,tutmayÄ±n kÃ¼Ã§Ã¼k eniÅŸteyi,0
@Brady24ify,Aziz YÄ±ldÄ±rÄ±m haklÄ± olsa da Ã¼slubu yanlÄ±ÅŸ. Bu kadar baÄŸÄ±rmasaydÄ± hiÃ§ kimse o tribÃ¼nlerin sloganÄ±nÄ± bilmeyecekti. Ama Aziz YÄ±ldÄ±rÄ±mÄ±n olayÄ± kaÅŸÄ±masÄ± doÄŸru olmadÄ±. O gecenin hatÄ±rÄ±na susmasÄ± daha iyi cevap olurdu. Ha yine sÃ¶ylÃ¼yorum haklÄ±dÄ±r ama bu konuÅŸmanÄ±n yeri ve sÄ±rasÄ± deÄŸildi,142
@atakankuden9369,adam haklÄ± ÅŸampiyon olmuÅŸuz alex gitmiÅŸ alex diye baÄŸÄ±rÄ±yorlar,62
@youngturk_2023,ğŸ’™ğŸ’›ğŸ’™ğŸ’› EN BÃœYÃœK BAÅKAN SENSIN ğŸ’™ğŸ’›ğŸ’™ğŸ’›,8
@erolcutost687,afedersiniz ama fazla abartmis sanane lan,25
@furkanyldrm4774,FenerbahÃ§e'liyim ama adam haklÄ±,28
@ardakran2657,Aziz yÄ±ldÄ±rÄ±m sen kimsin lan alexsi atÄ±yyonlan,5
@yigitdemir4325,kutluyolum,8
